Point;Latitude;Longitude
ABMGA; 65.8603;-17.4722
ALDAN; 62.9803;-18.7639
ARBEX; 63.5747;-20.9839
ARNAR; 64.6808;-18.5503
ASKJA; 64.8708;-17.2611
ASKUR; 65.1956;-18.6917
BAKKI; 63.8675;-21.2942
BAULA; 64.9394;-14.6931
BLAMI; 64.48  ;-19.8197
BREKI; 62.5383;-19.5467
BRUSI; 65.0789;-15.7311
CELLO; 62.2383;-20.4683
CONNY; 61.9   ;-5.58333
DROMI; 62.995 ;-26.5067
EGILL; 65.0347;-14.6794
EMBLA; 63.47  ;-26.9817
ENIKA; 64.4533;-23.703
ENIMI; 64.2209;-23.155
ES001; 65.2609;-14.4294
ES005; 65.202 ;-14.5024
ES008; 65.1725;-14.5386
FELLI; 65.3542;-15.1744
FJARA; 63.6589;-18.0547
FLOSI; 64.055 ;-27.1783
GAKTU; 63.96  ; -20.7247
GF050; 64.2128; -21.9515
GIMLI; 64.6408; -26.9783
HEKLA; 65.1133; -26.4617
HOLAR; 65.7233; -17.0272
IES01; 65.2608; -14.4253
IES03; 65.2311; -14.4609
IES04; 65.2162; -14.4787
IES05; 65.2014; -14.4965
IES06; 65.1865; -14.5143
IES08; 65.1568; -14.5497
IES09; 65.1414; -14.5674
IES10; 65.1237; -14.5851
IKN03; 63.9175; -22.6099
IKN07; 63.851 ; -22.6133
IKN70; 63.9555; -22.6078
IRE03; 64.1072; -21.8312
IRE04; 64.1561; -21.9406
IRE07; 64.1945; -22.107
IRE13; 64.1193; -21.9
IRE14; 64.1189; -21.8972
IRE25; 64.5151; -22.2918
IRE30; 64.1158; -21.9379
IRE31; 64.1151; -21.9422
IRE34; 64.7004; -22.7215
IRE40; 64.7022; -22.7103
KEF01; 63.9859; -22.5729
KEF02; 64.0427; -22.8894
KEF03; 64.0835; -22.5594
KEF04; 63.9207; -22.5987
KEF05; 64.0119; -22.9119
KEF06; 63.8877; -22.5909
KEF07; 64.1054; -22.5966
KEF08; 64.1196; -22.5968
KEF09; 64.0013; -22.6063
KEF10; 64.0551; -22.5997
KEF11; 63.9814; -22.3879
KEF12; 64.1802; -22.5039
KEF13; 63.9975; -22.6033
KEF14; 64.1683; -22.2498
KEF15; 63.7389; -22.5557
KEF16; 63.8712; -22.5869
KEF17; 64.0115; -22.6066
KEF19; 63.9538; -22.6066
KEF20; 63.9805; -22.3501
KEF22; 63.9833; -22.4634
KEF23; 63.9855; -22.5578
KEF24; 63.6587; -23.9228
KEF25; 63.8187; -24.0742
KEF26; 63.9727; -22.0481
KEF27; 63.9883; -22.8793
KEF28; 63.9854; -22.6749
KEF30; 64.1019; -22.5775
KEF31; 63.983 ; -22.7278
KEF33; 64.0137; -24.1273
KEF34; 64.0341; -22.587
KEF35; 64.0358; -22.8549
KEF36; 64.0088; -22.8747
KEF37; 63.9805; -22.8789
KEF38; 63.6688; -21.2933
KEF39; 63.8689; -22.11557
KEF40; 63.5212; -21.5437
KEF41; 63.4151; -21.8507
KEF42; 64.2071; -24.0479
KEF43; 64.3626; -23.871
KEF44; 64.1027; -22.6377
KEF45; 64.0526; -22.5934
KEF47; 63.9838; -22.5729
KEF48; 63.9809; -22.3346
KEF49; 63.9833; -22.7656
KEF50; 63.9855; -22.6712
KEF51; 63.9833; -22.5012
KEF52; 64.0759; -20.7319
KEF53; 64.1052; -22.7525
KEF58; 63.9808; -22.8676
KEF59; 64.096 ; -22.7054
KEF60; 64.2129; -22.1671
KEF61; 64.166 ; -22.267
KEF62; 64.0758; -22.4438
KEF65; 63.8903; -22.4669
KEF70; 64.1163; -22.6829
KEF75; 63.8405; -22.5441
KEF76; 63.8502; -22.4767
KEF80; 64.0187; -22.3205
KEF81; 63.8768; -22.5286
KEF82; 64.0489; -22.3467
KEF84; 64.0358; -22.3741
KEF86; 64.212 ; -22.1307
KEF93;63.9372 ;-22.6027
KEF95;63.9757 ;-22.1613
KEF98;63.9778 ;-22.9846
KEF99;64.0068 ;-22.3535
KEILA;63.9822 ;-22.1586
KELAL;63.6251 ;-23.0816
KELDU;64.8811 ;-15.1942
KEMIS;63.4095 ;-23.3558
KF010;64.0398 ;-23.0892
KF060;63.988  ;-22.9852
KLAKI;64.6556 ;-15.7701
KOBBI;64.5489 ;-16.1558
LARUX;62.6217 ;-10.0
LUNDI;63.6453 ;-20.8214
MARAS;63.7878 ;-22.572
MARSA;63.7885 ;-22.5674
MAVUR;63.5063 ;-20.6051
METIL;63.9719 ;-21.5261
MIKLA;63.8483 ;-17.5742
MOSAP;64.567  ;-22.2783
MOTAK;63.5719 ;-22.5261
MOXAL;64.161  ;-18.0008
MUKKI;63.5675 ;-20.9419
MURTA;64.1358 ;-21.8111
MYRAR;64.7022 ;-22.1481
NITOL;64.3079 ;-22.4162
NONNI;65.3136 ;-19.4003
OSKUM;63.7291 ;-20.4317
OTRON;64.1864 ;-22.6174
R1700;63.985  ;-22.655
R1701;63.9645 ;-22.6055
R1702;63.9919 ;-22.6054
R1703;63.9851 ;-22.5924
R2160;64.1359 ;-21.9389
R2184;65.2759 ;-14.4099
RATSA;64.3003 ;-22.0605
REKVA;64.4417 ;-20.8211
RETUR;65.5386 ;-17.6246
RK015;64.1393 ;-21.9857
RK029;64.1498 ;-22.0334
RK050;64.1655 ;-22.1049
RK339;64.2209 ;-22.1504
ROSTI;63.4064 ;-14.1122
SA086;64.1631 ;-21.9467
SARAM;63.7876 ;-22.6066
SELUR;63.3999 ;-20.6489
SIRVO;63.1837 ;-22.1375
SITLA;63.6656 ;-22.4207
SKAGI;64.3055 ;-21.9713
SKALM;65.6286 ;-22.3601
SKARD;63.9428 ;-20.205
SKOGA;63.4905 ;-19.5472
SOGID;64.1525 ;-21.0675
SORPU;64.7147 ;-22.4733
SULAN;63.5978 ;-20.8844
SUMEL;63.7768 ;-21.8009
SUNAK;63.8403 ;-22.0195
TELDO;63.9825 ;-21.4789
TERTU;64.4342 ;-21.7286
THORI;64.3401 ;-19.0
TIBRA;64.2928 ;-20.9283
TJORN;65.657  ;-17.2439
VA004;65.0549 ;-14.7444
VA048;65.0795 ;-14.7713
VA243;65.0516 ;-14.7498
VA262;65.0711 ;-14.8127
VAKLO;63.9778 ;-23.07
VANDA;63.9664 ;-23.5631
ABAGU;52.5033333; -7.6466667
ADARA;51.5000000; -15.0000000
ADARU;52.5938333; -8.9309444
AGINI;53.1555278; -8.5794722
AGORI;57.0000000; -13.0000000
ALPHA;52.6394028; -9.0584139
AMDEP;51.5666667; -11.2166667
ARKIL;50.6577778; -8.0000000
ASDIR;52.5065556; -9.2904722
ASKUP;53.8925000; -6.1088889
ATSUR;50.0000000; -14.0000000
BAKUR;52.2416667; -5.6802778
BAL04;53.2948222; -6.3370056
BAL09;53.2883361; -6.1985528
BAL13;53.2805167; -6.0881944
BAL14;53.2816917; -6.0601528
BAL15;53.2979972; -6.4062278
BAL21;53.2680556; -5.8670778
BAL23;53.2682694; -5.8111472
BAL35;53.2238833; -6.5949917
BAL45;53.4811333; -6.1606611
BAL46;53.4087222; -6.2758000
BAL47;53.3603833; -6.3523444
BAL48;53.3174944; -6.4191750
BAL86;53.3532000; -5.8709028
BAL92;53.2081528; -5.8854972
BAMLI;54.1411111; -6.6511111
BANBA;51.9527778; -6.2391667
BAPDA;53.6277778; -6.4009722
BARNU;52.0377500; -8.6078889
BATED;53.4952222; -6.1118889
BEDRA;49.0000000; -15.0000000
BEGID;56.5000000; -14.0000000
BEPAN;52.5266667; -6.2636111
BEVES;52.6595833; -9.0147778
BEXET;54.0000000; -14.0000000
BIBLA;51.1358333; -8.9100000
BILTO;56.5000000; -15.0000000
BIMGO;49.5000000; -14.0000000
BUNED;52.6227778; -6.6300000
BUNON;52.3750000; -9.5436111
DEGOS;54.1891667; -6.9063889
DERAG;52.8629444; -8.5803889
DEVOL;53.8902778; -10.4341667
DEXET;54.7811111; -11.0736111
DIGAN;52.9370000; -8.1975000
DIMUS;52.2397222; -6.2513889
DINIL;53.6738889; -6.4569444
DINIM;51.0000000; -15.0000000
DIRUM;53.0027778; -6.6611111
DISUR;52.7252778; -9.0988333
DODIG;53.9627778; -6.4927778
DOGAL;54.0000000; -15.0000000
DOLIP;52.0000000; -12.0000000
DOLUL;52.0000000; -14.0000000
DUB01;53.4525889; -6.2725083
DUB10;53.4296889; -5.8764917
DUB15;53.3462194; -6.1771306
DUB16;53.5447972; -5.8668861
DUB17;53.6099139; -5.9003389
DUB21;53.4046222; -5.9906583
DUB28;53.4303583; -6.4315694
DUB64;53.6358861; -5.9231167
DUB71;53.4085333; -6.0554000
DUB87;53.5707611; -6.3558111
DUNLO;53.3300000; -5.5000000
DWE51;53.4125278; -6.1119167
DWE52;53.4015278; -5.9191111
DWS77;53.3476389; -6.1806389
DWS78;53.2350000; -6.4177778
DWW01;53.3817222; -6.6787778
ELPIN;56.0000000; -12.0000000
ELSOX;51.0000000; -14.0000000
EMPER;49.0000000; -9.0000000
ENIRI;53.0897222; -8.4050000
ENOKU;53.1011111; -7.6608333
ENULA;53.9725000; -8.2644444
EPUNA;50.5000000; -14.0000000
ERABI;53.0150000; -9.5675000
ERTER;51.5619444; -8.0602778
ERUDA;53.6747222; -6.2819444
ETARI;55.5000000; -15.0000000
EVRIN;51.7822222; -6.5633333
GATLO;52.6828611; -8.7407222
GELKI;53.9969444; -5.9041667
GERVO;53.0913889; -6.5066667
GILOG;52.7694444; -8.4239444
GIMRO;53.6527778; -5.7486389
GIPER;51.0000000; -12.0000000
GISTI;53.0000000; -14.0000000
"GOLF,;52.8757972; -8.6637917"
GORTO;52.9552778; -8.9585278
GULTU;52.8099444; -9.3881944
GUNSO;49.0527778; -11.7683333
IBROD;56.5000000; -10.0000000
IDE86;53.4385694; -6.5282833
INKUR;53.5975833; -7.3912778
ISE02;52.6856806; -8.9607500
ISE48;52.6477694; -9.0439361
ISE93;52.6026222; -9.1421556
KESIX;56.9500000; -14.0000000
KOGAD;49.5000000; -15.0000000
KOKIB;54.5000000; -14.0000000
KOMAG;51.7263889; -8.6152778
KORAK;53.3950000; -7.7930556
KUGUR;55.5000000; -10.0000000
KURUM;52.2286111; -8.6647222
LAPMO;53.4030556; -5.9455833
LASNO;48.5983333; -9.0000000
LEKVA;51.5000000; -14.0000000
LIFFY;53.4800000; -5.5000000
LILNO;51.5925000; -9.2200000
LIMRI;52.0000000; -15.0000000
LINRA;51.5797222; -10.0322222
LODLA;51.9361111; -10.5280556
LUNIG;52.3972222; -8.2758333
LUPOR;52.5422222; -9.7019444
MALOT;53.0000000; -15.0000000
MAPAG;51.0000000; -8.5000000
MOGLO;55.5000000; -14.0000000
MOLAK;54.6136111; -9.5063889
MOMIN;53.1133333; -9.3927778
MORAG;52.7538889; -5.5000000
NASRI;53.3186111; -6.5880556
NEBIN;53.5000000; -15.0000000
NEGEL;51.9468444; -8.5537222
NEPOD;52.9491667; -6.1750000
NEPOG;52.8150556; -8.9072778
NERTU;49.0000000; -14.0000000
NETKI;55.0000000; -14.0000000
NEXAT;51.9388889; -6.5755556
NIBOG;55.0000000; -10.0000000
NIPIT;54.4525000; -8.4027778
NITIL;53.4666667; -6.6319444
NORLA;51.6191667; -6.8697222
NUPVO;52.6757500; -8.2681667
ODLUM;55.0000000; -12.0000000
OGONO;52.9236389; -8.4493056
OLAPO;53.7802778; -7.2946111
OLGON;53.5000000; -14.0000000
OLONO;52.7230556; -6.7788889
OMOKO;48.8388889; -12.0000000
ORTOM;51.2708333; -8.2994444
OSBOX;56.8063889; -12.8016667
OSGAR;53.0494444; -7.2702778
PELIG;53.1997222; -7.3333333
PESIT;52.3991667; -5.7566667
PIKIL;56.0000000; -15.0000000
R1296;53.4224306; -6.2900750
R1298;53.4370444; -6.2619778
R1299;53.4202611; -6.2505778
R1300;51.8502694; -8.4964389
R1843;52.6931722; -8.9435194
R1844;52.7100083; -8.9077417
RERKI;52.4427778; -9.1829444
RESNO;55.0000000; -15.0000000
REVNU;54.4666667; -10.1166667
RIKUL;53.0577778; -8.3458333
RILED;52.5000000; -14.0000000
RINUS;53.6441667; -7.6622222
RISAP;53.4409444; -6.6370000
RODEL;50.5000000; -15.0000000
ROKNA;53.6561111; -5.8830556
ROSRO;52.8053056; -8.7042778
ROVAL;51.9737222; -8.5696944
SAMON;51.3225000; -7.4177778
SHA12;52.5923722; -9.1364333
SHA13;52.6091917; -9.1898583
SHA15;52.6110028; -9.2538139
SHA28;52.7509500; -8.8263833
SHA37;52.6814028; -8.9628306
SHA70;52.7988944; -8.6427750
SHA73;52.8114472; -8.5616083
SHA75;52.6406750; -9.0424000
SLANY;52.1586111; -5.8422222
SOMAX;50.0000000; -15.0000000
SOVED;56.0000000; -14.0000000
SUNOT;57.0000000; -15.0000000
SUROX;53.9966667; -6.9933333
SUTEX;52.8243611; -6.9303611
TERBU;52.5875833; -9.4278056
TIPUR;52.5891667; -8.1252778
TISMO;52.1347222; -8.0130556
TOBOR;52.5000000; -15.0000000
TOBRI;52.9547778; -8.6960000
TOMTO;52.8736111; -8.1513889
TORLU;52.9877778; -7.5830556
TULLA;52.8067639; -8.7102028
TULSO;53.1992750; -5.8320722
TURLU;50.0763889; -8.0000000
ULTAG;53.7002778; -6.7381111
UNBEG;52.8050000; -9.7300000
UNLID;51.2091667; -10.7247222
VAPAL;51.8786111; -7.8216667
VATRY;52.5544444; -5.5000000
VENER;54.5000000; -15.0000000
ABIDO;52.4788889; -5.7955556
ADMUP;52.8000000; -6.2333333
ADSIS;53.6841667; -5.6594444
AKELI;54.0000000; -10.0000000
AMDIL;53.2570278; -5.9815000
AMELI;53.4102778; -6.0527778
ARDAM;51.5580556; -7.9975000
ARVOK;53.1552778; -6.0597222
ASGON;52.5984444; -9.1439167
ATLAM;51.6446667; -8.3753611
BABAN;54.0000000; -12.0000000
BAGSO;53.6800000; -5.5000000
BALNA;54.3838889; -7.9788889
BANDU;50.4855556; -10.1475000
BODNO;49.4611111; -8.8722222
BOKLI;53.4644444; -6.8333333
BOYNE;53.7672222; -5.5000000
BURAK;53.0000000; -12.0000000
CKE76;51.7241667; -8.0594444
CKN27;52.1291667; -8.9436111
CKN28;52.1470833; -8.6733333
CKS01;51.4972222; -8.6391667
CKW01;51.8336111; -8.8441667
CKW02;51.7044444; -8.7666667
CKW26;52.0386111; -8.9797222
DESUB;52.9100000; -6.2805556
DEXEN;53.2802778; -5.5000000
DONEB;53.3205556; -6.7233333
DONOX;53.9130556; -8.8177778
DW682;53.0950000; -6.2877778
DW704;53.4011111; -5.4861111
DW705;53.5130556; -5.5238889
DW706;53.6058333; -5.6352778
DW814;53.3963889; -5.5280556
DW815;53.3036111; -5.5630556
DW816;53.2297222; -5.6455556
DWE53;53.1275000; -5.5669444
DWE54;53.4108333; -6.0841667
DWE55;53.3450000; -5.9527778
DWN26;53.5133333; -6.3174444
DWN27;53.6267500; -6.6214167
DWN28;53.5702778; -6.4222222
DWN29;53.7558333; -6.2725000
DWS79;53.3397222; -6.1922222
DWS80;53.2702778; -6.1805556
DWS81;53.3113889; -6.1461111
DWW02;53.4047500; -6.5304167
DWW04;53.7383333; -6.8813889
DWW06;53.5541667; -6.6236111
ELKAM;53.2253611; -6.2716111
ELPOM;52.5603056; -9.2241111
ELTIG;51.7536111; -7.8350000
EPERO;51.8457778; -8.2626944
EPVIN;53.1775000; -5.7016667
ERNAN;54.2788889; -7.3927778
ERVAD;53.1130556; -6.0777778
ESATA;52.8625000; -6.9877778
EVBAK;49.0000000; -10.0000000
FAF17;51.9768611; -8.5559444
FAF35;51.7110278; -8.3987222
FAP28;53.4090556; -6.0507222
GANET;53.5350000; -5.6111111
GAPLI;50.0000000; -8.0000000
GARTI;50.2144444; -8.7566667
GILAN;55.2372222; -7.0511111
GINGI;51.8991389; -8.3315278
GIRAS;53.6391667; -5.9591667
GIVOL;52.0778889; -8.4304444
GOKLI;52.6608333; -6.8094444
GOSDA;51.7077778; -8.4123889
GOSEL;53.3816667; -6.6788889
GOTEM;51.8238889; -7.8200000
GURGA;53.1152778; -6.8333333
INRAD;52.2580556; -9.1502778
INSAL;51.6046111; -8.5511389
INTOP;53.2242778; -6.1089999
IRDEX;53.1958333; -6.0638889
KEKUL;53.1336111; -6.8333333
KELOL;53.6847222; -6.8333333
KENOL;53.3472222; -6.8333333
KENUK;50.0000000; -12.0000000
KEPOR;53.1388889; -6.3347222
KERAV;53.6286111; -5.7650000
KISHA;53.4838889; -5.6394444
KOGAX;53.5719444; -5.6372222
KOMAL;53.0019444; -6.2411111
KOMER;52.8494444; -6.8333333
KONAP;53.9138889; -6.8333333
KUDOM;53.4905556; -5.5538889
KUKAD;49.2419444; -8.9050000
KUSIT;53.3525000; -5.5000000
LAMBU;53.5833333; -5.5000000
LANRO;51.7851111; -8.7092778
LEDGO;51.2400000; -7.5680556
LEGBO;52.8244444; -6.9302778
LIPGO;53.0640000; -5.5000000
LORKO;53.3919444; -5.7494444
LULOX;50.3666667; -8.0000000
LUSAT;53.1666667; -6.2333333
LUVIS;51.3900000; -9.4752778
MAGIT;54.0727778; -6.8333333
MARNO;53.3402778; -5.8994444
MELIK;53.2983333; -7.0000000
MOPAT;51.4986111; -7.0938889
NARMU;53.4452778; -5.8594444
NAVAN;53.7472222; -6.6463889
NENAG;53.1016667; -7.0000000
NESON;54.2294444; -7.1233333
NEVRI;54.0683333; -6.2697222
NIMAT;53.9650278; -5.7421389
ORVEN;53.6650000; -6.1916667
OTNER;53.2875000; -6.3075000
RANAR;53.6744444; -7.3247222
RATKA;49.5000000; -8.0000000
RERKA;52.4684444; -9.1066667
RITIS;53.2575000; -6.6822222
ROBVO;51.6844444; -8.1992500
RONAN;53.1205556; -6.6708333
RONON;53.7094444; -6.6052778
ROPED;52.3083333; -6.6047222
ROTEV;54.0288056; -6.0662222
RUBAR;53.1358333; -5.8013889
SIVNA;53.1977778; -5.6411111
SOPEP;53.3516667; -5.8747222
SORIN;53.1413889; -5.8063889
SOVIX;51.4275000; -8.5627778
SUGAD;53.2897222; -5.5277778
TADEX;54.8566667; -8.2336111
TAKAS;49.0000000; -8.0000000
TAMEL;48.7286111; -10.4972222
TEDVO;53.3219444; -6.0572222
TERDU;52.6520556; -9.3420556
THR06;52.6931722; -8.9435194
THR10;53.4224306; -6.2900750
THR16;53.4375444; -6.2619778
THR17;51.8502694; -8.4964389
THR24;52.7100083; -8.9077417
THR28;53.4202611; -6.2505750
THR34;53.4199056; -6.2495944
THR35;51.8322667; -8.4857889
TIMRA;53.5911111; -6.8333333
TIRUK;51.9973611; -8.7850000
TOPDA;53.2569444; -5.6763889
TULTA;48.5769444; -8.0000000
UGNOR;53.5058333; -6.6622222
ULSIT;52.8694444; -8.8819444
UMDAR;53.6341667; -6.5266667
UPLOM;51.7856667; -8.6899722
VENUX;52.2311111; -9.2816667
WT001;53.5284167; -5.8615556
WT002;53.2571389; -5.9668611
XETBO;52.0000000; -14.0000000
03MCT;55.136667;-7.191389
24DUB;55.083889;-8.573889
26DUB;55.170833;-8.461667
31MCT;55.365556;-7.904722
ABAPO;52.102778;-4.803333
ABBOT;52.016111;-0.599444
ABD01;57.178825;-2.180592
ABD04;57.163400;-2.169156
ABD07;57.086250;-2.112117
ABDUK;51.642778;-3.800278
ABEDA;52.327778; 1.871111
ABKAT;54.148056;-1.979722
ABLIN;52.782778;-4.992500
ABSUN;54.292222;-6.255000
ABTIN;52.424858; 0.586580
ADELU;53.441667;-1.536944
ADMIS;51.996944; 0.176667
ADN24;56.925556;-2.116389
ADN25;57.248106;-2.232189
ADN26;56.959639;-2.732756
ADN30;56.822500;-2.076389
ADN40;56.659722;-2.013889
ADN45;57.240225;-2.220014
ADN50;57.217262;-2.209240
ADN63;57.306697;-2.275900
ADNAM;52.104722; 0.738611
ADVUL;52.398219; 0.530811
AKIVO;59.964444;-9.500000
AKOKO;53.237778; 3.202500
AKUPA;52.486667;-1.091111
ALASO;55.447222;-1.565000
ALKIN;51.390556; 0.194722
ALUTA;49.005278;-7.498056
ALVIN;51.662500;-2.678333
AMMAN;51.840556;-3.998333
AMRAL;52.114722;-2.909167
AMVEL;53.184167;-0.031944
ANGUS;56.694167;-3.055556
ANNET;49.651389;-4.001389
ANTEE;52.394153; 0.165817
APPLE;54.500000;-2.513889
ARSAT;54.535000;-1.738611
ARTEX;56.894722; 3.960556
ARTIX;53.395000;-1.035833
ARTOV;51.905278; 1.425833
ASKAM;54.963056; 3.230556
ASNIP;53.478611;-2.907222
ASPEN;50.292778;-1.805556
ASRAM;52.547286; 0.949933
ATF05;57.179289;-2.181278
AVANT;50.000000; 0.000000
BABAX;50.419722;-3.804722
BABRA;53.627500;-3.945278
BADIM;51.643889;-2.511111
BADSI;52.658333;-4.771389
BAKDI;52.464636;0.713192
BAKER;51.495000;-0.298056
BALDO;52.337564;0.617478
BALID;56.496944;-1.951944
BALIX;59.000000;-10.000000
BAMRA;59.433333;-3.952778
BANEM;52.335556;1.505278
BANTO;52.357778;-0.232500
BAPLA;51.684239;-1.754689
BAPVI;52.448050;0.665950
BARKU;60.605000;-9.410000
BARMI;52.478333;2.570556
BARTN;53.470556;-2.428056
BASET;51.563889;-1.710000
BASID;52.399364;0.642522
BATLI;53.645833;-1.360278
BCN05;51.808611;-3.256944
BCN06;51.642778;-3.277778
BCN10;51.891667;-3.250556
BCN15;51.787222;-3.652778
BCN23;51.819444;-3.861389
BCN24;52.134167;-3.232500
BCN25;52.715000;-3.034167
BCN65;52.807500;-3.106667
BEDEK;51.370833;-1.558611
BEDFO;52.225000;-0.563333
BEDNO;51.683800;-1.896633
BEECH;50.470556;0.210000
BEGAM;54.156944;-2.120833
BEGTO;50.762500;-1.235556
BEKET;58.886944;-1.522222
BEKMO;52.986111;2.619444
BEKSA;51.817778;-2.546111
BEL44;55.060833;-7.296111
BEL45;55.250278;-7.033056
BEL50;54.803056;-7.648889
BEL54;54.301758;-4.815828
BEL56;55.398056;-7.239722
BEL66;54.478419;-8.085883
BEL67;54.465642;-8.102825
BEL73;54.114270;-4.371697
BEL76;55.348333;-8.091944
BEL88;53.978333;-4.047222
BEL91;54.905556;-8.802500
BEL98;54.743333;-9.037500
BELOX;53.887778;-3.489722
BENBO;50.451389;0.010278
BENIB;52.424797;0.599869
BENSU;51.578889;-0.918889
BEREK;51.656111;-1.096944
BERUL;52.671111;-3.520278
BESGA;60.789722;-7.912778
BETAX;53.009167;-0.900833
BEVAM;55.731389;0.250833
BEVEL;50.415000;-1.985278
BEWLI;50.758611;-1.810278
BHD41;52.710556;-2.887500
BHD46;52.801111;-2.892778
BHX00;52.447900;-1.743710
BHX01;52.462750;-1.759650
BHX04;52.522953;-1.814716
BHX07;52.357294;-1.624225
BHX15;52.595689;-1.881236
BHX16;52.337956;-1.678000
BHX17;52.331978;-1.723803
BHX24;52.578069;-1.922769
BHX31;52.566494;-1.943278
BHX45;52.381931;-1.656623
BHX56;52.341044;-1.663236
BHX60;52.562236;-1.850608
BHX67;52.332764;-1.706790
BIG02;51.300928;0.011514
BIG03;51.382982;0.073358
BIG04;51.397975;0.084525
BIG05;51.345630;0.044042
BIG07;51.438895;0.104653
BIG17;51.435464;0.115074
BIG30;51.758484;-0.379902
BIG31;51.728745;-0.822067
BIG40;51.798333;-0.724444
BIG41;51.196944;1.100000
BIG42;51.422703;0.149633
BIG45;51.400367;0.079703
BIGNO;50.000000;-2.825000
BILLY;60.019722;-8.568889
BILNI;50.675278;-2.125833
BILVO;53.731111;-3.185833
BINBO;53.401667;3.341389
BINTI;54.562500;-1.995833
BKY02;51.983925;0.115075
BKY03;52.039567;0.056292
BKY05;51.907705;0.085881
BKY06;52.089642;0.064775
BKY07;52.106028;0.048736
BKY08;51.858108;0.095608
BKY10;51.969331;0.247839
BKY14;51.894375;0.406264
BKY16;52.017617;0.504926
BKY17;51.956917;0.071308
BKY19;51.873811;0.479850
BKY20;51.540870;-0.482339
BKY22;52.027322;0.665740
BKY25;51.600200;-0.210014
BKY26;51.972333;-0.069950
BKY50;51.973758;0.194311
BKY51;52.015133;0.464364
BKY55;51.975186;0.194745
BKY60;51.565472;-0.363292
BKY67;51.978056;-0.071600
BKY70;52.057209;-0.308775
BKY71;52.063928;-0.333500
BKY80;51.858491;0.099314
BKY97;51.859878;0.013533
BKY98;51.794950;-0.010567
BLACA;54.883333;-5.158889
BNN04;51.703281;-0.448958
BNN08;51.596261;-0.501592
BNN30;51.776050;-0.552533
BNN60;51.628350;-0.516336
BNN61;51.825989;-0.555350
BNN80;51.595761;-0.505239
BODSO;53.052222;2.094722
BOGMI;50.998056;-7.204722
BOGNA;50.701944;-0.251667
BOLBI;53.466667;-1.812500
BOMBO;51.995556;-0.396389
BONBY;57.891667;-4.343333
BPK05;51.812560;-0.018517
BPK07;51.737386;0.080100
BPK09;51.862753;0.052180
BPK18;51.975564;0.211822
BPK21;52.050000;-0.393889
BPK24;51.726242;-0.177711
BPK26;52.127500;-0.468611
BPK86;51.765803;0.079417
BRAIN;51.811111;0.651667
BRASO;51.685278;0.683333
BRIPO;50.707500;-2.750000
BRUCE;56.236389;-5.841111
BUDON;57.701944;-0.561944
BUKUT;52.758333;2.800556
BUMUX;50.804444;-3.349444
BUSIP;51.682675;-1.829708
BUSTA;52.092778;0.067778
BUZAD;51.942222;-0.552222
BZN01;51.740892;-1.627653
BZN02;51.744700;-1.550217
BZN03;51.753383;-1.683567
BZN09;51.794261;-1.373783
BZN10;51.734889;-1.363192
BZN21;51.755681;-1.548553
BZN25;51.726278;-1.675822
BZN26;51.758567;-1.535861
BZN28;51.759658;-1.817317
BZN43;51.776595;-1.438081
BZN50;51.689658;-1.796120
BZN77;51.768575;-1.473517
BZN97;51.755236;-1.551131
BZN98;51.744300;-1.615500
BZN99;51.724339;-1.731975
CALDA;53.774167;-2.643889
CAMBO;49.291667;-5.859722
CAMRA;50.623611;-0.106944
CARDZ;52.315406;0.804806
CASEY;52.008611;0.583056
CAVIM;52.383322;0.337653
CFD13;52.262500;-0.441667
CFD33;52.356111;0.165556
CGY02;53.103456;-0.117658
CGY04;53.115889;-0.066353
CGY09;53.146880;-0.061486
CGY20;53.214570;-0.345156
CHASE;52.613333;-1.917222
CHINN;57.964167;-4.188056
CHIPP;52.317117;0.803953
CLIPY;52.000833;-1.085833
CLN10;51.786944;1.432778
CLN13;51.832794;0.798961
CLN16;51.829044;0.718539
CLN21;51.822686;0.584911
CLN23;52.103333;1.633333
CLN28;51.813489;0.396987
CLN33;52.245278;1.783333
CLN42;52.367222;1.913056
CLYDE;55.963333;-4.792222
COVEN;52.234494;0.773074
COWLY;51.616111;-1.065000
CPT11;51.625408;-1.019092
CPT27;51.644444;-1.903333
CPT30;51.981753;-1.373964
CPT37;51.708595;-2.139617
CPT51;52.357318;-1.494614
CPT53;52.389967;-1.505197
CROFT;53.626944;-2.538889
CSL39;52.401111;2.271389
CSL47;52.394722;2.502500
CTM03;52.759319;-0.577883
CTM08;52.837808;-0.509231
CTM11;52.875981;-0.456061
CTM15;52.754999;-0.624103
CTM25;52.767767;-0.606458
CTM46;52.712442;-0.722806
CTM66;52.821547;-0.383728
CUMBO;55.942778;-3.958889
CUTEL;55.885833;2.374444
CWL01;53.032453;-0.458639
CWL06;53.058986;-0.327681
CWL09;53.030414;-0.237092
CWZ02;53.025517;-0.540453
CWZ15;53.026692;-0.526786
DAGGA;51.821944;0.794167
DAVOT;57.345000;-4.091389
DAWLY;50.574167;-3.463889
DCS19;54.942222;-3.737500
DCS20;55.055833;-3.345833
DCS36;55.140556;-4.100833
DCS37;54.227778;-2.706111
DCS47;54.002778;-2.808889
DCS53;53.911111;-2.742500
DDE01;56.452867;-3.067100
DDE02;56.453228;-3.097114
DDE03;56.453528;-3.127167
DDE06;56.454571;-3.238267
DDE86;56.454914;-3.277306
DENBY;53.520278;-1.961111
DENOG;57.431389;-1.754444
DESAP;51.686908;-1.621314
DESIG;53.527222;-1.892778
DET02;51.836586;0.566086
DET03;51.836833;0.582206
DET04;51.351667;0.523056
DET25;51.674528;0.293155
DET29;51.556111;1.271389
DET30;51.748573;0.231746
DEVAL;50.856944;1.466667
DEVBI;60.715000;-8.769444
DEVOM;50.721667;-3.755278
DIBAL;52.797222;2.500000
DIDEL;50.843056;-3.997222
DIGBI;55.185000;-1.050278
DIGUT;51.650278;-1.299722
DIKAS;51.776944;-3.259167
DIMLI;54.946389;-6.615278
DIRGI;60.621389;-6.454444
DISAL;53.291389;-1.630833
DISIT;52.103056;-1.711944
DISRI;51.857897;-1.512494
DITOB;52.283611;1.824167
DND01;56.453636;-3.067050
DND03;56.455425;-3.127056
DND05;56.457324;-3.191842
DND08;56.459772;-3.277033
DND26;56.431378;-3.274556
DND50;56.400750;-3.260289
DND51;56.405633;-3.263444
DND58;56.426589;-3.273172
DOBEM;51.869722;-2.928056
DOGIT;53.172778;-3.151944
DOKEK;51.421667;-6.058056
DOLAN;52.392778;0.271425
DOLAS;52.978611;1.000833
DOLUR;49.484444;-5.057222
DOMUT;50.261944;-1.669167
DONIB;55.719167;-7.695556
DOPEK;53.384444;-0.925556
DOSUN;60.117500;-6.394167
DOWNI;57.077500;-2.105833
DRAKE;50.209444;-0.076111
DTY03;52.151944;-1.046667
DTY09;52.250406;-1.329383
DTY12;52.273694;-1.401364
DTY15;52.041111;-0.784167
DTY16;52.304678;-1.497459
DTY18;52.387867;-1.465106
DTY19;52.479786;-1.623708
DTY20;52.410864;-1.505444
DTY33;52.542986;-1.546003
DTY90;52.301378;-1.257508
DTY99;52.284203;-1.289586
DUB41;53.470556;-5.164167
DUB43;53.670000;-5.147222
DUB56;53.457222;-4.746667
DUB76;53.437222;-4.190278
DUB88;54.624428;-7.891450
DVR10;51.149722;1.625278
DVR11;51.261667;1.118889
EAS05;50.865544; -1.396458
EAS15;50.931175; -1.366889
EAS70;50.828967; -1.341936
EBOTO;52.359167; -0.694444
ELDER;50.663333; -1.337222
ELNAV;52.468528; -0.042475
ELRAG;51.174444; -5.105833
ELSAN;56.705278;  3.732778
ELVOS;52.700278; -1.306944
EMLON;53.205556;  2.500000
ENITO;52.801389;  2.467500
ERAKA;58.000000;-10.000000
ERING;51.590556;  1.611944
ERLOT;55.287222; -0.585000
ERMIN;50.348611; -3.924167
ERNOK;51.691667; -2.945556
EROSI;52.375380;  0.952878
ERSON;56.463333; -4.306667
ESKDO;55.298889; -3.204167
ETSOM;57.891944; -9.500000
EVSOM;51.897747; -1.999375
EVSON;53.357500; -1.663611
EXMOR;51.178611; -3.359722
FASET;52.488272;  0.200564
FENIK;55.715278; -4.291944
FERIT;51.633056;  0.539167
FFA02;51.682817; -1.851192
FFA04;51.674658; -1.691161
FFA05;51.674483; -1.688500
FFA10;51.663967; -1.531467
FFA14;51.711414; -2.196592
FFA15;51.689694; -1.396186
FFA16;51.684442; -1.755056
FFA26;51.788901; -1.724258
FFA28;51.724355; -2.193592
FFA31;51.822742; -1.940006
FFA62;51.693019; -1.621864
FFA79;51.741422; -1.407428
FFA82;51.724355; -1.401750
FFA87;51.707086; -1.397989
FINCH;51.560000; -0.183056
FINDO;56.369167; -3.463611
FINMA;51.996389; -1.053611
FIWUD;53.868333; -3.068333
FORTY;57.950000;  0.595833
FOYLE;56.142778; -4.382222
FRANK;51.707222; -0.686111
FULMA;55.506389; -5.000000
FYNER;56.048889; -5.115278
GAM12;53.406667; -1.217500
GAM36;53.473889; -1.590000
GANBE;52.366672;  0.453561
GARMI;50.000000; -1.380556
GARVA;57.688333; -4.494722
GASKO;54.224722; -1.955833
GATRA;51.297778; -6.631944
GAVEL;59.383333; -1.406111
GEPLI;51.682383; -1.829728
GETNO;53.930000; -3.496389
GIBSO;50.749722; -2.518611
GIBSU;56.763056; -3.269444
GIGUL;54.607222; -3.169444
GILDA;51.601667;  0.984722
GILPA;55.928056; -5.878611
GILTI;51.570278;  2.055000
GINGA;56.925000; -9.500000
GINIS;53.460833; -4.858056
GIRLI;54.711389; -1.803056
GIRVA;55.185556; -4.896389
GISOK;51.502500; -5.124444
GITUS;50.333333; -5.700000
GIVEM;55.465000;  0.248056
GIVPO;53.286111;  2.869167
GLESK;56.900000; -2.795833
GODSU;52.272883;  0.270031
GOLES;53.608056; -1.100000
GOLVO;54.411389;  3.585556
GOMOT;55.919444; -0.544167
GOMUP;61.000000; -4.583333
GONAN;51.998450; -2.094233
GONUT;61.000000; -4.583333
GOTNA;54.594722; -5.598056
GOW14;56.201894; -4.393714
GOW20;56.004622; -4.988131
GOW34;56.176506; -4.678681
GRICE;56.196667; -3.685556
GUMSO;52.384494;  0.267975
GUNGU;52.514284;  0.855125
GUSSI;57.212778; -4.124167
GWC06;50.773889; -0.669722
HALIF;53.735000; -1.580556
HANKY;51.112778; -1.130833
HARDY;50.471111;  0.491111
HARLY;52.240108;  0.744641
HASTY;50.728333;  0.516667
HAVEN;55.461111; -2.996389
HAWKE;50.374167;  0.090278
HAZEL;51.005278; -0.984444
HEIDI;52.112222; -0.623333
HEMEL;51.805556; -0.419444
HERON;55.343056; -5.000000
HICUS;52.354808;  0.535644
HON06;52.453620; -1.624042
HON09;52.501981; -1.604192
HON13;52.145278; -1.553611
HON14;52.269958; -1.536450
HON16;52.097500; -1.528889
HON17;52.585403; -1.936828
HON18;52.057500;  1.747778
HON19;52.050000; -1.504167
HON20;52.625705; -1.985339
HON21;52.627778; -1.972778
HON28;52.738889; -2.100833
HON33;52.531642; -1.872286
HON46;52.979444; -2.373611
HON96;52.158275; -1.373689
HON97;52.500556; -1.604818
HON98;52.220346; -1.463900
IBDUK;51.689719; -2.198542
IBM01;52.434796; -1.727211
IBM07;52.351817; -1.636206
IBM51;52.378089; -1.664975
IDESI;51.897778;  1.885556
IDOKI;49.860278; -6.194167
INDIV;52.285147;  0.255508
ING02;50.921111;  1.466667
INLAK;51.478056; -1.524167
INPOT;52.443478;  0.199270
INPUT;55.304944;  4.651389
INSUN;50.395278; -6.323333
IOM30;53.783542; -4.067150
IOM50;53.594444; -3.612222
IPRIL;51.674722; -0.226389
IRKUM;52.996667; -5.377500
ITSUX;56.050000;  3.500000
IWQ05;53.749692; -2.857567
JACKO;51.736940;1.426670
JIMBO;52.250380;0.603230
KAPEX;50.675000;1.850000
KARNO;52.894440;2.898330
KATHY;50.520560;1.333330
KEGUN;53.192500;3.150280
KELLY;53.905280;4.364170
KEMPY;52.127500;0.646110
KENET;51.520560;1.455000
KEPAD;52.809720;2.478890
KESUP;51.325560;3.654720
KIDLI;51.771390;1.361390
KISTA;59.508330;1.949440
KOKAL;58.959720;2.893890
KOLAG;53.043610;3.255000
KOLID;53.573890;2.750830
KONAN;51.130830;2.000000
KOPUL;51.542220;1.137220
KOVAP;52.378090;0.335150
KOXIP;51.825767;1.931925
KSS04;57.620233;3.671925
KSS05;57.770406;3.015703
KSS07;57.604547;3.726553
KSS11;57.789042;3.182533
KSS14;57.443380;3.696836
KSS15;57.662486;3.485828
KSS16;57.412511;3.719790
KSS20;57.565233;3.862960
KSS24;57.522014;3.885164
KSS25;57.549467;3.917444
KSS39;57.858514;3.036791
KSS42;57.745200;3.268000
KSS43;57.697303;3.185217
KSS44;57.693964;3.360461
KSS45;57.711667;3.414430
KSS55;57.810392;3.144630
KSS59;57.838686;3.086869
KSS60;57.657700;3.512310
KSS75;57.689847;3.306997
KSS94;57.639805;3.603536
KSS99;57.740703;2.997056
KUBAX;52.942780;2.953610
KUMIL;50.575280;1.610830
LAGAV;56.893060;4.202780
LAKEY;54.238890;2.981110
LAM09;51.780800;0.257610
LAM12;51.673480;0.469810
LAM27;51.958890;0.366940
LAM37;52.071940;0.555280
LAMAT;51.301940;3.017500
LAMIX;53.307500;0.682220
LAMMA;55.858330;2.767500
LAMRO;57.030830;3.552500
LAMSO;52.732780;2.994440
LANAK;55.700280;3.938610
LANON;52.431110;4.372500
LAPRA;52.118610;1.210000
LARDI;53.604440;3.515830
LARGA;54.863890;4.153330
LBA01;53.848097;1.632992
LBA04;53.919992;1.742653
LBA05;53.793005;1.568830
LBA06;53.944734;1.780367
LBA07;53.765939;1.536839
LBA09;53.738570;1.504883
LBA10;53.882857;1.686164
LBA15;53.889389;1.698425
LBA25;53.888992;1.695575
LBA29;53.967019;1.778994
LBA32;53.981822;1.837025
LBA34;54.004583;1.759792
LBA35;54.002458;1.791972
LBA50;53.928497;1.771597
LBA55;53.932364;1.761506
LBA56;53.760178;1.551697
LBA60;53.939658;1.792510
LBA63;53.753472;1.573873
LBA68;53.717472;1.573436
LBA70;53.950811;1.813445
LBA75;53.974919;1.759654
LBA77;53.958314;1.800488
LBA90;53.973117;1.855347
LBA92;53.726156;1.539845
LBRTY;52.720608;1.417839
LEDBO;52.543060;2.102220
LEE03;54.302840;1.542991
LEE06;54.351880;1.394005
LEE07;54.388280;1.607160
LEE11;54.254567;1.841258
LEE13;54.246747;1.896533
LEE32;54.428017;1.756283
LEE33;54.448256;1.714005
LEE34;54.311420;1.549910
LEE39;54.464997;1.665733
LEGRO;53.326390;1.512780
LEKLO;51.686810;1.637710
LESTA;52.740830;1.071940
LF001;53.847956;1.633319
LF004;53.811364;1.578158
LF005;53.798961; -1.559419
LF007;53.773322; -1.521267
LF009;53.749197; -1.484380
LF090;53.849197; -1.635192
LIBSO;53.524722; 0.093333
LIC19;53.062500; -1.839167
LINDY;51.470556; -1.049167
LIRKI;61.000000; -1.850000
LISTO;53.143333; -2.196667
LKH09;52.377675; 0.788267
LKH24;52.301200; 0.239314
LKH30;52.308519; 1.347653
LKH31;52.473219; 0.391719
LKH99;52.643831; -0.012317
LND41;49.530000; -6.150833
LND47;49.456111; -5.032500
LND58;49.233889; -6.143056
LND66;49.170556; -6.448333
LOGAN;51.747500; 1.611944
LOMON;56.063889; -4.580000
LOREL;52.013889; -0.052778
LOVEL;53.251667; -2.274444
LUCCO;50.691667; -1.108333
LUGED;52.452011; 0.663289
LUK11;56.399147; -2.537306
LUK16;56.377656; -2.821267
LUK65;56.388000; -2.671042
LUMOX;51.685122; -1.960867
LYD07;50.978333; 1.040833
LYD26;50.666667; 0.455556
LYE03;51.465831; -2.029192
LYE05;51.516681; -1.969669
LYE08;51.520356; -1.779458
LYE65;51.561231; -1.825820
LYE80;51.568989; -1.800675
LYNAS;53.442500; -4.333333
MABUG;49.784722; -5.936667
MAC29;55.358889; -6.500000
MAC30;55.554722; -6.500000
MAC57;55.116667; -7.218889
MAC89;54.661389; -7.840278
MADAD;55.913056; -1.733889
MALBY;51.592500; -2.061667
MALUD;53.413333; -3.608333
MAM03;52.630259; 0.476097
MAM05;52.675486; 0.681453
MAM08;52.663006; 0.585117
MAM09;52.697967; 0.785125
MAM10;52.702825; 0.679758
MAM90;52.732742; 0.755686
MAMUL;53.418056; -1.280000
MANGO;51.692778; 0.790556
MANIG;49.785278; -3.259444
MAPLE;52.393333; -1.680833
MARGO;54.707500; -2.774722
MARUK;50.246389; -2.072222
MASOP;54.155833; -4.354167
MATCH;51.779167; 0.250000
MATIK;61.000000; -8.066667
MAVIX;55.847222; -4.080556
MAY13;51.056944; 0.460833
MAY38;51.131389; 1.082222
MEDOG;51.950278; -3.549444
MERLY;51.333333; -5.000000
METLE;52.340456; 0.634206
MID10;51.019167; -0.883056
MID16;50.845278; -0.904722
MID23;50.695000; -0.389167
MID25;50.648056; -0.535833
MID28;50.666667; -0.214444
MID72;52.068333; -1.674444
MIKEL;54.275000; -4.862778
MIMBI;51.549167; -1.693333
MIMKU;56.000000; -10.000000
MIMVA;53.100833; 3.303611
MITSO;53.651944; -0.893889
MLD02;52.391600; 0.517044
MLD03;52.350383; 0.567647
MLD10;52.356911; 0.519234
MLD11;52.394136; 0.165881
MLD12;52.357050; 0.519845
MLD13;52.366578; 0.453400
MLD20;52.502978; -0.006028
MLD21;52.314592; 0.804542
MLD23;52.254203; 0.183514
MLD25;52.281828; 0.161239
MLD29;52.454340; 0.167356
MLD30;52.447370; 0.191042
MLD31;52.349933; 0.566878
MLD32;52.470808; 0.706750
MLD55;52.339553; 0.632689
MLD57;52.383456; 0.336855
MLD58;52.480800; 0.785536
MLD59;52.543742; 0.946222
MLD62;52.317734; 0.337188
MLD74;52.340217; 0.632983
MLD77;52.327194; 0.668625
MLD82;52.392986; 0.270667
MLD96;52.378844; 0.327164
MLD98;52.240992; 0.742989
MOCHA;59.548889; -1.366389
MODGO;60.445278; -7.665278
MOGLI;52.308333; -0.269167
MOLIX;52.821944; 3.068611
MONTY;52.892778; -3.173889
MORAY;58.083333; -2.821667
MORBY;53.919444; -3.483333
NADIR;57.824167; 0.000000
NAKID;49.715000; -4.623056
NALAX;53.483333; 0.401667
NANTI;53.137500; -2.566944
NAPEX;53.206389; -0.861111
NATEB;55.038333; -1.698333
NATKO;53.453333; -4.635278
NAVEL;55.586944; 0.841944
NEDEX;51.876944; -1.472222
NEDUL;50.666111; -1.547778
NEKAP;51.726389; -5.290556
NELBO;54.490000; -5.302778
NELSA;53.863333; -2.184722
NEPSO;54.238056; 1.269722
NESDI;57.121667; -4.146667
NEVIS;56.695278; -4.544722
NEXUS;56.211944; -1.844722
NIGIT;51.313056; -1.170833
NIGOL;54.905000; 2.492222
NILON;51.596111; 0.634444
NINEX;58.855556; -9.500000
NITON;52.553333; -3.200278
NOKIN;53.076667; -2.882778
NORRY;51.479722; -1.123333
NOTRO;50.436667; -3.172500
NUBRI;51.338056; -1.232222
NUMPI;54.144444; -5.593333
NUMPO;51.610000; -3.283611
OBOXA;54.176667; -1.905556
OCK11;51.600917; -0.371958
OCK13;51.600050; -0.363678
ODMIX;56.970000; 1.467500
ODROB;51.654167; 1.912500
OGDIN;53.846944; 0.580833
OKAMA;53.170833; 2.772778
OKESI;51.443333; -2.061667
OKTEM;52.719444; -3.187500
OLKER;61.000000; -6.500000
OLNEY;52.127778; -0.734167
ORSUM;57.051944; -5.294722
ORVIK;59.638333; 0.669167
OSGOD;51.783889; -1.919167
OSPOL;50.150000; -0.185556
OTBED;53.288056; 0.031944
OTBUN;55.280556; -2.433333
OTROS;52.345897; 0.421614
PAVLO;50.934722; -5.895556
PEDIG;52.746667; -1.719444
PELET;54.653333; 3.431111
PEMAK;49.448889; -6.218056
PEMOB;52.143889; -5.161389
PENIL;53.615833; -3.663611
PEPIN;59.991944; 0.015000
PEPIS;51.196667; -1.243611
PEPOV;58.176944; 1.715278
PEPUL;52.267500; -1.887222
PERUP;51.709444; -2.942222
PHILI;49.475278; -7.021389
PIK10;55.447244; -4.233580
PIK12;55.392917; -4.277231
PIK18;55.420503; -4.250786
PILIP;50.334167; -1.007222
PIPAR;56.116667; -3.201667
PIPEM;58.156389; -3.738611
PIPIN;52.610000; -0.941667
PIXUP;52.031944; -1.111111
PLY49;50.374105; -3.993497
PLY51;50.373778; -3.990694
PLY55;50.415120; -4.088419
POL02;53.602569; -1.955034
POL05;53.811225; -2.186043
POL11;53.557778; -2.030278
POL21;54.081667; -1.948333
POL22;54.095278; -1.995833
POL35;53.180556; -1.884167
POL47;53.525278; -0.789722
POL57;53.465278; -0.578889
POL84;55.115644; -1.674900
POMPI;50.763333; -0.954167
POTON;52.084444; -0.427222
PTH11;56.293333; -3.561389
PTH15;56.233333; -3.638611
PTH24;56.763333; -2.968889
PY005;50.414903; -4.090519
PY008;50.370728; -3.905437
PY030;50.391947; -4.034347
R0073;52.364333; 0.468000
R1322;51.338256; 0.038050
R2248;55.863475; -4.449064
R2292;51.477500; -0.485011
R2293;51.464792; -0.482336
R2294;51.464953; -0.434078
R2295;51.477675; -0.433261
R2296;57.652878; -3.542286
R2297;53.871431; -1.669089
R2298;53.860364; -1.652070
R2299;51.682999; -1.811999
R2300;51.683999; -1.768000
R2302;57.715349; -3.322386
R2303;55.515225; -4.611460
R2304;55.502411; -4.574481
R2307;52.801858; -2.668008
R2308;52.744994; -0.635286
R2309;51.753889; -1.561700
R2310;50.435878; -4.982394
R2314;53.177564; -0.516306
R2315;57.209550; -2.203414
R2316;57.194303; -2.192164
R2317;51.877056; 0.222889
R2318;51.895158; 0.250044
R2320;55.878086; -4.421772
R2321;54.301944; -1.542611
R2322;50.420300; -4.099725
R2323;56.376344; -2.840236
R2324;52.402500; 0.544333
R2325;52.416333; 0.577667
R2327;50.957186; -1.352944
R2328;51.555321; -0.408203
R2329;51.511456; -1.983456
R2330;55.944988; -3.387219
R2331;55.954900; -3.357978
R2337;52.209858; 0.184361
R2464;52.448625; -1.742217
R2465;52.463186; -1.758467
R2534;53.748444; -2.866508
R2551;56.452467; -3.037181
R2558;51.623186; -1.093950
R2637;54.516131; -1.416350
R2638;54.501094; -1.442427
R2706;59.882043; -1.284764
R2787;52.655405; 0.567402
R2896;53.253783; -4.546347
R3060;52.358667; 0.508167
RAMID;52.957778; 2.500000
RAMOX;53.660278; -4.249722
RANOK;56.700000; -4.249722
RAPIX;51.443889; 2.000000
RAPUM;54.921667; -1.882778
RATLO;51.991389; 1.681944
RATSU;61.000000; -10.000000
RAVLO;52.916944; 3.148333
REDFA;52.114722; 2.488056
REKNA;56.174722; 3.500000
REMSI;53.960278; -3.825556
RETSI;52.511667; -2.875833
REXAM;53.066667; -3.160278
RIBEL;54.016111; -2.289722
RIGDI;50.270833; -5.991389
RIGVU;58.793333; 2.155000
RIKUD;54.494444; -1.035556
RILES;51.948611; -2.922778
RIMBU;51.706111; 2.161944
RIMTO;53.717500; -1.433056
RINGA;54.398333; -5.571111
RINIS;51.908333; 2.322500
RINTI;51.032778; 1.615556
RISLA;53.031944; -2.886667
RIVOT;56.408056; 0.776944
ROBBO;55.889722; -4.910278
ROBEM;55.459167; -1.020556
ROBIN;52.963333; -1.295833
ROBLI;52.404264; 0.577711
RODNI;51.715833; -0.861667
RODOL;53.238056; -1.861944
RODSI;54.798889; -2.893056
ROGAG;53.235000; -0.295833
ROGBI;52.296389; -1.335000
ROKAN;53.663333; 3.188889
ROKSI;50.503611; -2.214167
ROLEX;53.428333; -3.967778
ROLUM;54.305556; 3.308611
ROMPA;54.000000; 3.592222
RONAR;57.530556; -5.655278
ROPAL;55.138056; 3.945278
ROTNO;50.857222; 0.778056
ROWAN;51.752500; 0.249167
ROXAT;53.413611; 3.000000
RUBEX;55.320000; -6.935278
RUBMI;50.279444; -2.328611
RUGID;57.369167; -4.898611
SABER;51.703889; 0.949444
SAM02;50.988553; -1.343158
SAM03;51.003745; -1.325934
SAM05;51.038281; -1.306047
SAM06;50.965261; -1.344447
SAM07;51.069617; -1.287975
SAM11;51.132222; -1.270833
SAM12;51.075067; -1.338361
SAM24;51.071568; -1.298975
SAM25;50.845278; -1.980556
SAM30;51.004303; -1.329897
SAM31;51.057164; -1.255355
SAM35;50.900181; -1.374997
SAM36;50.800000; -2.238889
SAM44;51.049664; -1.239067
SAM49;51.039947; -1.221658
SAM50;51.041792; -1.340208
SAM52;50.121667; -1.681111
SAM53;51.060075; -1.252790
SAM70;50.827901; -1.406481
SAM83;51.050947; -1.230556
SAM91;50.839875; -1.370614
SAM93;50.937806; -1.360328
SAM94;50.867889; -1.421525
SAM95;50.780450; -1.497767
SAM98;51.000483; -1.322642
SAM99;51.033692; -1.298136
SANDY;51.064167; 1.067500
SAPCO;52.540278; -1.356944
SAPOT;59.261111; -2.380833
SED01;51.863577; 0.200438
SED04;51.827828; 0.144195
SED66;51.796756; 0.095589
SETEL;54.012500; -2.435833
SFD06;50.663395; 0.084964
SFD07;50.666667; 0.242500
SFD55;50.761944; -1.337778
SHAPP;54.500000; -2.627222
SHUTR;52.439772; 0.198042
SIERA;50.836567; -1.440486
SILVA;51.847500; -1.005278
SIREN;51.570833; -1.874722
SIRGO;51.629444; 0.646389
SITET;50.100000; 0.000000
SITNU;51.679759; -1.961174
SIVDA;52.356111; 0.029722
SKERY;50.000000; -3.173056
SKESO;49.824722; -3.034167
SLYDA;54.201111; -5.087500
SMG50;50.439870; -4.989978
SMG51;50.391375; -4.864292
SMOKI;57.776944; -2.598889
SOMVA;52.307222; 2.644444
SONDO;52.085000; 1.811667
SONEX;53.498056; -2.172500
SONOG;52.105556; 2.269444
SONOL;53.001389; 2.500000
SOPAX;53.646944; -4.452222
SOPEK;53.108889; 2.500000
SOTUN;54.176667; 3.626944
SOXON;58.968333; -3.872778
SPINN;52.407203; 0.169827
STAFA;52.861389; -2.243056
STIRA;56.133889; -3.833611
STOAT;52.025833; -0.020833
STU05;51.976389; -6.109444
STU30;51.760833; -6.036111
STU39;51.787778; -6.045000
STU40;51.958056; -6.103056
STU57;51.551667; -6.407500
STU61;51.523056; -6.498333
SUBUK;54.380000; -3.286389
SUPAP;49.433889; -5.822778
SUPEL;53.227778; 0.591111
SUPIT;57.332500; -7.085000
SURAT;55.915556; 3.500000
SUSIS;55.604722; -0.350556
SUSIX;50.616667; -0.967500
SWANY;51.559444; -4.130000
SX001;51.906531; 0.269789
SX004;51.942300; 0.325969
SX066;51.973295; 0.374964
TABBI;52.350203; 0.567314
TABEN;51.363611; -1.172778
TABIT;55.799444; -5.333333
TADAL;53.587222; -3.026389
TALGA;51.958333; -3.245556
TALIG;49.516389; -5.801111
TANET;51.449444; 0.925556
TARTN;55.717222; -3.138611
TEBLO;50.954167; 1.222500
TEBRA;51.488889; 1.611944
TEDSA;52.050833; 1.127500
TELBA;52.664444; -2.318611
TENDO;54.028889; 0.246389
TENSO;53.600556; -2.207500
TERKO;51.625556; 0.746667
TESDO;50.123889; -7.116667
TETRU;51.674114; -2.199050
THRED;50.498611; -1.663889
TIGER;51.067222; 0.439444
TILNI;54.547500; -1.855000
TIMPO;52.558889; -1.163889
TINAN;50.666667; -3.448333
TINDI;54.037222; 3.258056
TIPAN;54.598333; 4.398889
TIPIL;53.166667; -1.739722
TIPTA;54.803611; -1.611389
TIVER;50.809167; -3.423889
TLA08;55.377500; -3.262500
TLA09;55.349350; -3.352778
TLA10;55.346031; -3.234042
TLA24;55.127778; -3.078611
TLA25;55.348125; -2.670946
TLA43;56.200000; -3.180833
TLA54;56.386111; -3.134167
TNT18;52.755463; -1.627022
TNT19;52.740031; -1.733494
TNT23;52.673947; -1.746745
TNT25;53.411389; -1.209444
TNT26;52.624389; -1.756655
TNT30;52.556497; -1.598603
TNT41;53.358056; -0.655833
TOBIX;51.604722; 1.280833
TOLSA;53.126944; 3.108056
TOPRO;51.911667; -3.249167
TOTRI;51.775000; 0.196667
TRIPO;51.713056; 1.082778
TRN01;55.483700; -4.525500
TRN04;55.465928; -4.476358
TRN07;55.522000; -4.628300
TRN08;55.441863; -4.723300
TRN09;55.392467; -4.561933
TRN10;55.411872; -4.328775
TRN12;55.418756; -4.486269
TRN13;55.384783; -4.255147
TRN29;55.541736; -4.682506
TRN31;55.474042; -4.708089
TRN51;55.558244; -4.867889
TRN60;55.569200; -4.759456
TRN61;55.530667; -4.931033
TRN70;55.514769; -4.610539
TRN85;55.509270; -4.850450
TRN91;55.419992; -4.350886
TRN95;55.499630; -4.909914
TROUT;57.510000; -1.415000
TUMTI;53.077778; -1.604167
TUNEL;51.443056; 0.231111
TUNSO;55.111111; -4.961389
TUPEM;53.838056; -3.481944
ULLAP;57.900000; -5.169167
UMBAG;52.347778; 0.782500
UMBEL;54.028889; -0.485278
UNBIG;51.740833; -3.583889
UPTON;53.586944; -1.300833
UVAVU;54.416667; -1.896111
VABIK;51.246389; 2.000000
VADNO;57.453056; -3.627222
VANIN;53.985278; -4.039167
VAPID;51.253889; -1.045000
VATON;51.434444; -0.348889
VEGUS;53.400278; -0.353056
VENAS;54.305556; 3.652222
VEXEN;50.139444; -1.826111
VIDOK;52.410833; -2.041944
VYL01;53.365878; -4.823019
VYL06;53.321747; -4.669197
VYL10;53.367083; -4.750656
VYL11;53.264700; -4.567500
VYL12;53.089831; -4.724803
VYL20;53.238742; -3.990122
VYL28;53.285436; -4.604147
VYL65;53.327845; -4.355558
VYL80;52.927078; -4.476460
WAD01;53.149489; -0.535133
WAD03;53.116128; -0.540617
WAD07;53.271611; -0.454281
WAD08;53.188089; -0.509270
WAD20;53.140856; -0.564236
WAD27;53.361317; -0.394764
WAD35;53.218578; -0.487578
WAD45;53.324272; -0.281944
WAFFU;50.582500; 0.349722
WAL05;52.983333; -3.166667
WAL15;53.129444; -3.155278
WAL16;53.546389; -3.498056
WAL21;53.417500; -3.717500
WAL26;53.423889; -3.856667
WAL33;53.066667; -2.411389
WAL35;52.809722; -3.180556
WAL41;52.975833; -2.213056
WAL48;53.534722; -1.821111
WAL57;52.815833; -1.867500
WATFO;51.675833; -0.348333
WEALD;51.330833; 0.034722
WELIN;52.247222; -0.852222
WESUL;51.670833; -0.485833
WIK10;58.304167; -2.984722
WIT02;52.617117; -0.446183
WIT04;52.611231; -0.607947
WIT10;52.653742; -0.235778
WIT12;52.662839; -0.183125
WIT40;52.604475; -0.389525
WIT95;52.597317; -0.171169
WIZAD;51.116667; 0.953056
WOBUN;52.019444; -0.733333
WOD25;51.146389; -0.430556
WOTAN;51.623889; -2.335000
WQ007;53.783314; -2.684058
WTN01;53.737994; -2.920625
WTN05;53.728517; -3.031733
WTN13;53.837710; -3.219047
WTN26;53.709256; -3.254353
WTN27;53.735569; -3.257611
WTN30;53.852611; -3.269367
WTN95;53.723856; -2.627703
WTZ25;52.224722; 1.602500
WTZ37;52.079722; 1.947222
XAMAB;50.204444; 0.264722
XAMAN;51.784722; 2.224167
XEDUR;52.394219; 0.710019
XERSA;52.421586; 0.590214
XIDIL;50.351667; 0.641389
XIGAR;51.813889; 0.262778
ABDAL;51.446111; -1.863333
ACORN;51.255278; 0.196111
AGANO;49.665000; -2.000000
ALESO;50.575556; 1.225556
ALOTI;57.907500; 3.608333
AMLET;53.268611; -1.838333
ANGLA;49.703889; -2.020833
ANGLO;49.928333; -0.455000
ARTHA;53.783056; -2.285278
ASKEY;52.013889; -0.052778
ASTRA;50.865556; -0.146389
ATWEL;50.847500; -3.416944
AVRAL;55.509444; 3.716389
BAGPO;55.007778; -3.193889
BALIS;57.234167; -2.065000
BAMBO;51.876944; -1.616667
BAPAG;51.718056; -0.123333
BAROS;53.406111; -3.445278
BEMID;51.573889; 0.348889
BENIX;49.546667; -1.490000
BENTY;59.770833; -1.136111
BEREP;59.035833; 1.738889
BEVAV;49.066944; -1.690556
BEXIL;50.708889; 0.736944
BIGLI;52.130000; -0.241667
BODAM;59.918333; -1.268333
BOLRO;50.000000; -1.691389
BONDY;51.131389; 0.757500
BOVVA;51.726111; -0.549722
BRILL;49.702500; -2.389722
BURNI;53.727222; -2.517778
CASEL;53.831111; -4.182500
CEDAR;52.518611; -1.820000
CHANL;50.454167; 0.189722
CHUBB;49.431667; -2.808333
COLRE;55.116389; -6.733889
CREWE;52.818611; -2.307500
DALEY;53.668889; -2.349167
DAYNE;53.238611; -2.029167
DELBO;51.876944; -1.273333
DETOP;55.244722; 5.000000
DIKRO;49.584722; -1.110833
DIPSO;53.053611; -1.344167
DONNA;51.700000; -0.743611
DORKI;51.275833; -0.264444
DUFFY;54.514722; -5.860833
DUNGV;54.895556; -6.790000
EBONY;52.341667; -2.058333
ELBAN;55.954722; -4.504444
ELBOB;54.732778; -7.743889
ENOKA;55.336111; -3.662778
ESTRY;53.664444; -3.261667
ETIKI;48.000000; -8.750000
EVNAS;51.667778; 0.443889
EVSEM;51.730556; -1.462500
FAMBO;54.500000; -0.464444
FERAS;51.635833; 0.640278
FIMLI;51.301111; -0.668333
GINTI;51.578611; 0.370000
GIRNU;60.473611; -0.619444
GODOS;53.249167; 3.429722
GOREV;56.053333; 5.000000
GORSE;57.176944; -1.897500
GROVE;52.393889; -1.928889
GULDA;49.385278; -1.917500
GUNPA;61.000000; 0.000000
GURLU;50.477778; 0.968611
HILLY;51.335000; 0.243611
HOGBA;51.228056; -0.495278
HOLLY;50.886667; -0.095000
INBOB;55.606944; 5.000000
INGUR;51.711667; -2.860278
IZACK;59.890833; -1.020278
KETIK;49.323333; -1.873056
KINDR;53.392778; -1.936111
KLONN;58.390000; 2.828889
KOKOS;48.906944; -1.676111
KOTEM;50.000000; -1.053889
KUKIS;51.698889; -3.076944
LAGER;53.611111; -0.146944
LAGUL;49.437222; -2.603611
LANLO;49.990833; -5.952222
LAPEX;47.000000; -8.000000
LARCK;50.911667; 0.446667
LELNA;49.982500; -2.106389
LERAK;49.018889; -2.408611
LESRA;55.385556; 5.000000
LIBBA;55.723889; -3.745278
LISBO;54.525000; -6.090000
LIZAD;49.590278; -4.330278
LONAM;53.839444; 3.942500
LONLO;52.780278; -2.014167
LORKU;49.938333; -2.371111
LUMBA;50.945556; 0.261667
LUNEX;54.843333; -7.258611
LUSIT;49.214722; -1.795556
MADOX;58.728611; -3.777500
MAGEE;54.791667; -5.608333
MANTA;49.703333; -2.591667
MAVET;54.049167; -3.518889
MAYLA;51.628056; 0.720000
MINQI;49.033333; -2.056944
MIRSI;53.538056; -2.711667
MOODY;50.345000; -3.903333
MOSIS;49.007222; -7.214722
MOSUN;51.893889; -2.436111
MOTOX;50.957778; 1.466667
MOVEN;52.061944; -1.813056
MULIT;51.013056; -3.388611
NAVPI;52.547222; 2.840556
NESOL;57.921389; 3.586389
NESTA;60.000000; -4.166667
NEVIL;50.000000; -0.368333
NIVUN;57.570000; 4.136944
NOBAL;57.255000; -2.060000
NORBO;55.595833; -4.761944
NORDA;49.786667; -1.095000
NUGRA;53.029444; -2.303889
NUTBA;52.646944; -0.916667
ODIMI;51.232778; -0.948611
ODPIX;53.001389; -1.265278
OLIVE;52.403333; -1.936667
ORIST;50.000000; -1.845000
ORMER;49.601111; -2.858056
ORTAC;49.999167; -2.005000
ORVAL;49.033889; -1.825278
OYSTA;49.100000; -2.523333
PEPOD;54.271111; -5.569167
PERCH;49.129167; -1.937222
PETIL;55.938889; 5.000000
PETOX;57.559167; -1.817222
PIGOT;52.495278; -1.068611
PIKEY;49.476944; -2.225556
PIKOD;49.410556; -5.266389
PLYMO;50.345833; -4.626944
POMAX;51.527222; -2.081111
REGHI;48.000000; -8.000000
RIDLY;51.647778; 0.900000
RISIN;51.694167; -1.441111
RIVAK;46.000000; -8.000000
ROKOS;50.853611; 1.187500
ROKUP;53.017222; -1.515833
ROMTI;51.035000; 0.922222
ROSUN;53.668889; -2.349167
RUGER;53.482778; -3.447778
SALCO;49.737222; -3.529444
SANBA;53.139444; -2.334167
SENLO;49.083333; -1.178333
SEPAL;47.000000; -8.750000
SHARK;49.189722; -2.429444
SHRUB;57.300278; -1.815278
SILOK;59.770000; -1.483333
SIVIR;46.000000; -8.750000
SKINA;52.804722; -1.773056
SOBDO;50.073889; -7.116667
SODKI;58.797500; -3.631389
SOMOT;51.292500; -2.998056
SOPIT;51.958333; -1.107222
SOPTO;55.305556; 5.000000
SOVAT;50.779444; 1.466667
SPEAR;51.576111; 0.700278
SPIKE;57.540556; -1.664722
SUMIN;55.329444; -4.055000
SUMUM;51.637222; 2.107778
TABIS;52.008889; 0.445556
TABLY;53.271944; -2.450556
TAGOX;51.242778; -0.635000
TAWNY;51.646111; 0.151667
TIMBA;50.945556; 0.261667
TINAC;56.250833; 5.000000
TINRA;51.657222; 1.712500
TIPOD;53.435556; -3.284722
TIRIK;59.538611; -1.203889
TOBID;52.216667; -1.466389
TOMMO;51.314444; -0.362778
TOMPO;50.711944; -3.555278
TOPPA;53.402500; 3.561389
TORGO;53.132500; -3.266389
TUNBY;51.168889; 0.324722
TUNIT;49.381389; -3.000000
TUNUP;53.930000; -3.184167
TWEED;55.676944; -3.277222
TYSTI;59.373333; -1.244444
UMBUR;51.459167; 0.118889
UPDUK;52.574167; -0.941667
VALBO;55.128611; 5.000000
VAMLA;60.000000; -4.000000
VAXIT;56.537500; 5.000000
VEGAR;53.042778; -1.973056
VELAG;52.410000; -1.013889
WILLO;50.985000; -0.191667
XETUN;55.813889; -4.541389
XEXUS;55.923889; -4.336111
XOBRO;53.471389; -2.421667
XUMAT;53.465833; -2.473056
